numbers,letters
1,2,3,4,5,6,7,8,9,10,11
a,b,c,d,e,f,g,h,i,j,k
numbers,letters
1,2,3,4,5,6,7,8,9,10,11
a,b,c,d,e,f,g,h,i,j,k
numbers,letters
1,2,3,4,5,6,7,8,9,10,11
a,b,c,d,e,f,g,h,i,j,k
1,2,3,4,5,6,7,8,9,10,11
a,b,c,d,e,f,g,h,i,j,k
numbers,letters
1,2,3,4,5,6,7,8,9,10,11
a,b,c,d,e,f,g,h,i,j,k
1,2,3,4,5,6,7,8,9,10,11
a,b,c,d,e,f,g,h,i,j,k
1,2,3,4,5,6,7,8,9,10,11
a,b,c,d,e,f,g,h,i,j,k
1,2,3,4,5,6,7,8,9,10,11
a,b,c,d,e,f,g,h,i,j,k
numbers,letters
1,2,3,4,5,6,7,8,9,10,11
a,b,c,d,e,f,g,h,i,j,k
numbers,letters
1,2,3,4,5,6,7,8,9,10,11
a,b,c,d,e,f,g,h,i,j,k
numbers,letters
1,2,3,4,5,6,7,8,9,10,11
a,b,c,d,e,f,g,h,i,j,k
